City_ID,City,Country,Lat,Lng,Max Temp,Humidity,Cloudiness,Wind Speed,Current Description
0,Havelock,US,34.8791,-76.9013,88.05,80,100,5.01,overcast clouds
1,Hithadhoo,MV,-0.6,73.0833,81.54,73,12,4.25,few clouds
2,Bethel,US,41.3712,-73.414,73.85,89,91,7.85,overcast clouds
3,Hami,CN,42.8,93.45,79.72,22,0,4.92,clear sky
4,Puerto Ayora,EC,-0.7393,-90.3518,80.56,81,50,9.84,scattered clouds
5,Cidreira,BR,-30.1811,-50.2056,65.84,76,100,2.66,overcast clouds
6,Vila Franca Do Campo,PT,37.7167,-25.4333,70.21,80,54,8.7,broken clouds
7,Ushuaia,AR,-54.8,-68.3,35.26,80,75,6.91,broken clouds
8,Salalah,OM,17.0151,54.0924,78.87,88,100,5.12,overcast clouds
9,Bluff,NZ,-46.6,168.3333,42.76,80,97,17.54,overcast clouds
10,Acarau,BR,-2.8856,-40.12,79.74,74,35,15.19,scattered clouds
11,Rikitea,PF,-23.1203,-134.9692,74.1,73,6,13.71,clear sky
12,Albany,US,42.6001,-73.9662,79.18,83,98,11.56,overcast clouds
13,Nouadhibou,MR,20.931,-17.0347,73.38,83,36,16.11,scattered clouds
14,La Ronge,CA,55.1001,-105.2842,71.85,37,40,4.61,scattered clouds
15,Phan Thiet,VN,10.9333,108.1,77.22,90,66,3.09,broken clouds
16,Andenes,NO,69.3143,16.1194,53.08,93,75,8.05,drizzle
17,Kendari,ID,-3.945,122.4989,73.76,95,100,3.94,overcast clouds
18,Yellowknife,CA,62.456,-114.3525,73.92,40,20,1.01,few clouds
19,Longyearbyen,SJ,78.2186,15.6401,40.84,87,75,10.36,broken clouds
20,Mataura,NZ,-46.1927,168.8643,32.58,88,60,4.7,light snow
21,Hermanus,ZA,-34.4187,19.2345,47.89,73,43,8.99,scattered clouds
22,Port Alfred,ZA,-33.5906,26.891,52.36,71,100,21.03,light rain
23,Kapaa,US,22.0752,-159.319,84.18,80,20,1.99,moderate rain
24,Ostrovnoy,RU,68.0531,39.5131,47.97,92,75,2.73,broken clouds
25,Busselton,AU,-33.65,115.3333,49.05,81,42,15.59,scattered clouds
26,Sorong,ID,-0.8833,131.25,79.7,83,34,5.7,scattered clouds
27,Qaanaaq,GL,77.484,-69.3632,41.2,80,100,8.39,overcast clouds
28,Hilo,US,19.7297,-155.09,81.81,83,55,3.0,light rain
29,Eureka,US,40.8021,-124.1637,67.12,76,31,5.99,scattered clouds
30,Khatanga,RU,71.9667,102.5,38.98,80,100,16.37,overcast clouds
31,Hobart,AU,-42.8794,147.3294,48.11,93,75,0.0,broken clouds
32,Atuona,PF,-9.8,-139.0333,77.95,66,3,22.59,clear sky
33,Bengkulu,ID,-3.8004,102.2655,76.51,65,100,7.29,overcast clouds
34,Thompson,CA,55.7435,-97.8558,69.96,37,40,8.05,scattered clouds
35,Cabo San Lucas,MX,22.8909,-109.9124,92.52,68,84,6.46,broken clouds
36,Upernavik,GL,72.7868,-56.1549,41.0,90,100,3.09,moderate rain
37,Kirensk,RU,57.7853,108.1119,60.13,70,100,4.25,overcast clouds
38,Marathon,US,44.9,-89.7668,81.99,55,40,1.01,scattered clouds
39,Okhotsk,RU,59.3833,143.3,54.54,98,100,8.99,heavy intensity rain
40,Roald,NO,62.5833,6.1333,66.25,88,20,12.66,few clouds
41,Balykshi,KZ,47.0667,51.8667,69.8,30,0,6.71,clear sky
42,Arona,ES,28.0996,-16.681,69.82,69,0,18.41,clear sky
43,Jamestown,US,42.097,-79.2353,85.59,67,40,17.0,light rain
44,Tasiilaq,GL,65.6145,-37.6368,40.19,92,82,5.73,broken clouds
45,Houston,US,29.7633,-95.3633,93.4,62,75,5.75,thunderstorm
46,Punta Arenas,CL,-53.15,-70.9167,39.22,75,0,6.91,clear sky
47,Los Llanos De Aridane,ES,28.6585,-17.9182,67.75,83,75,17.27,broken clouds
48,Penzance,GB,50.1186,-5.5371,61.48,93,9,11.68,clear sky
49,Butaritari,KI,3.0707,172.7902,83.39,74,55,12.3,broken clouds
50,Hearst,CA,49.6835,-83.6665,80.85,47,96,9.95,overcast clouds
51,Kahta,TR,37.7855,38.6237,87.17,28,0,6.93,clear sky
52,Kavaratti,IN,10.5669,72.642,82.9,81,100,20.2,overcast clouds
53,Diego De Almagro,CL,-26.3667,-70.05,68.68,32,7,7.27,clear sky
54,Karratha,AU,-20.7377,116.8463,69.19,65,62,8.16,broken clouds
55,Nago,JP,26.5881,127.9761,82.56,86,100,8.19,overcast clouds
56,Vaini,TO,-21.2,-175.2,77.16,88,75,4.61,broken clouds
57,Chernyshevskiy,RU,63.0128,112.4714,58.41,84,0,2.48,clear sky
58,Khartoum,SD,15.5518,32.5324,90.79,44,73,19.39,broken clouds
59,Esperance,AU,-33.8667,121.9,55.24,72,14,26.64,few clouds
60,Caravelas,BR,-17.7125,-39.2481,71.94,82,5,4.9,clear sky
61,Punta Alta,AR,-38.8759,-62.0736,49.84,49,0,5.97,clear sky
62,Mar Del Plata,AR,-38.0023,-57.5575,53.1,63,0,7.0,clear sky
63,Komsomolskiy,UZ,40.4272,71.7189,79.52,34,91,6.91,overcast clouds
64,Luderitz,NA,-26.6481,15.1594,54.57,47,0,15.86,clear sky
65,New Norfolk,AU,-42.7826,147.0587,47.75,88,100,1.81,light rain
66,Nemuro,JP,43.3236,145.575,57.07,96,5,6.53,clear sky
67,Port Shepstone,ZA,-30.7414,30.455,57.87,39,6,22.75,clear sky
68,Kodiak,US,57.79,-152.4072,54.91,88,90,9.22,overcast clouds
69,Tiksi,RU,71.6872,128.8694,56.35,73,98,11.61,overcast clouds
70,Port Elizabeth,ZA,-33.918,25.5701,48.49,76,75,21.85,light rain
71,Portland,US,45.5234,-122.6762,89.64,46,1,1.99,clear sky
72,Demir Kapija,MK,41.405,22.2489,79.02,62,0,5.35,clear sky
73,Kranjska Gora,SI,46.4839,13.7894,66.0,96,81,5.35,moderate rain
74,Usinsk,RU,65.9939,57.5281,46.4,64,9,6.76,clear sky
75,Kieta,PG,-6.2167,155.6333,80.49,81,8,8.46,light rain
76,Haines Junction,CA,60.7522,-137.5108,64.35,36,99,8.05,overcast clouds
77,Cape Town,ZA,-33.9258,18.4232,48.11,92,20,8.05,few clouds
78,Natal,BR,-5.795,-35.2094,81.25,69,20,14.97,few clouds
79,Pontal Do Parana,BR,-25.6533,-48.5128,78.46,92,39,1.54,scattered clouds
80,Port Blair,IN,11.6667,92.75,80.78,86,98,9.13,overcast clouds
81,Pacific Grove,US,36.6177,-121.9166,80.28,86,31,5.01,scattered clouds
82,Urumqi,CN,43.801,87.6005,76.15,36,0,4.47,clear sky
83,Clyde River,CA,70.4692,-68.5914,46.63,81,75,14.97,broken clouds
84,Hasaki,JP,35.7333,140.8333,72.28,87,97,12.8,overcast clouds
85,Cayenne,GF,4.9333,-52.3333,83.08,81,20,0.0,few clouds
86,Bambous Virieux,MU,-20.3428,57.7575,70.05,64,40,11.5,scattered clouds
87,Nelson Bay,AU,-32.7167,152.15,50.68,90,97,7.87,moderate rain
88,Anchorage,US,61.2181,-149.9003,66.94,69,75,1.01,broken clouds
89,Pascagoula,US,30.3658,-88.5561,91.06,66,20,8.05,few clouds
90,Mahebourg,MU,-20.4081,57.7,70.09,64,40,11.5,scattered clouds
91,Port-Gentil,GA,-0.7193,8.7815,75.16,88,20,6.91,few clouds
92,Barcelos,PT,41.5388,-8.6151,68.29,87,3,6.4,clear sky
93,Kaseda,JP,31.4167,130.3167,73.74,88,99,2.53,overcast clouds
94,Wajir,KE,1.7471,40.0573,78.93,56,100,18.01,overcast clouds
95,Husavik,IS,66.0449,-17.3389,60.71,71,99,5.17,overcast clouds
96,Cape Coast,GH,5.1053,-1.2466,77.47,83,96,11.97,overcast clouds
97,Severo-Kurilsk,RU,50.6789,156.125,55.69,92,99,8.75,overcast clouds
98,Barrow,US,71.2906,-156.7887,33.82,86,90,10.36,mist
99,Darnah,LY,32.767,22.6367,78.53,79,0,14.72,clear sky
100,Saint-Philippe,RE,-21.3585,55.7679,69.39,77,18,10.02,few clouds
101,Talnakh,RU,69.4865,88.3972,39.36,71,87,4.12,overcast clouds
102,Billings,US,45.7833,-108.5007,84.29,37,67,14.0,broken clouds
103,Santa Rosa,PH,14.3122,121.1114,80.91,84,100,3.09,overcast clouds
104,Kasongo-Lunda,CD,-6.4667,16.8167,68.38,28,2,1.16,clear sky
105,Norman Wells,CA,65.282,-126.8329,82.44,26,75,5.75,broken clouds
106,Mount Gambier,AU,-37.8333,140.7667,49.91,87,90,12.66,overcast clouds
107,Kulhudhuffushi,MV,6.6221,73.07,81.97,81,100,14.79,overcast clouds
108,Nanortalik,GL,60.1432,-45.2371,45.1,82,43,3.53,scattered clouds
109,Avera,US,33.194,-82.5271,91.44,47,78,6.69,broken clouds
110,Codrington,AU,-38.2667,141.9667,50.2,91,100,17.27,overcast clouds
111,Linqiong,CN,30.4159,103.4609,82.22,92,65,2.46,broken clouds
112,Gazli,UZ,40.1333,63.45,83.5,25,0,13.38,clear sky
113,Saint-Joseph,RE,-21.3667,55.6167,68.38,74,11,11.56,few clouds
114,Leningradskiy,RU,69.3833,178.4167,43.52,87,61,11.95,broken clouds
115,Nikologory,RU,56.1413,41.9922,69.75,70,8,4.85,clear sky
116,Juneau,US,58.3019,-134.4197,59.85,95,90,8.05,light rain
117,Gonen,TR,40.1049,27.654,70.92,71,0,2.73,clear sky
118,Lebu,CL,-37.6167,-73.65,49.87,79,1,15.55,clear sky
119,Kristiinankaupunki,FI,62.2743,21.376,60.78,81,15,1.32,few clouds
120,Tuburan,PH,6.6439,122.2736,79.84,79,94,0.94,overcast clouds
121,Yurimaguas,PE,-5.9,-76.0833,89.76,58,40,5.75,scattered clouds
122,Gat,IL,31.61,34.7642,79.48,76,2,3.09,clear sky
123,Adre,TD,13.4667,22.2,77.02,62,100,4.85,overcast clouds
124,Avarua,CK,-21.2078,-159.775,78.85,69,40,10.36,scattered clouds
125,Pisco,PE,-13.7,-76.2167,69.85,68,13,16.11,haze
126,Paamiut,GL,61.994,-49.6678,42.58,86,93,10.27,overcast clouds
127,Saskylakh,RU,71.9167,114.0833,44.64,64,100,14.52,overcast clouds
128,Thinadhoo,MV,0.5333,72.9333,81.81,71,91,1.28,overcast clouds
129,Totness,SR,5.8833,-56.3167,80.01,85,59,8.23,broken clouds
130,Godda,IN,24.8333,87.2167,81.07,85,97,6.98,overcast clouds
131,Fukue,JP,32.6881,128.8419,79.43,90,100,6.58,overcast clouds
132,Cherskiy,RU,68.75,161.3,42.08,76,100,5.14,overcast clouds
133,Baker City,US,44.7749,-117.8344,95.94,24,0,12.82,clear sky
134,Lavrentiya,RU,65.5833,-171.0,46.65,86,90,6.55,overcast clouds
135,Abatskoye,RU,56.2875,70.4555,49.24,90,100,18.81,light rain
136,Coromandel,BR,-18.4733,-47.2003,66.04,41,0,4.25,clear sky
137,Saint George,US,37.1041,-113.5841,105.64,21,1,1.99,clear sky
138,Poum,NC,-20.2333,164.0167,69.51,70,57,12.75,broken clouds
139,Guerrero Negro,MX,27.9769,-114.0611,82.42,49,46,13.0,scattered clouds
140,Luanda,AO,-8.8368,13.2343,71.6,88,20,5.75,few clouds
141,Abapo,BO,-18.8333,-63.4667,85.03,31,4,3.2,clear sky
142,Constitucion,CL,-35.3333,-72.4167,52.29,69,0,5.93,clear sky
143,Mercedes,AR,-34.6515,-59.4307,57.83,63,65,7.85,broken clouds
144,Port Moresby,PG,-9.4431,147.1797,76.42,94,75,2.3,broken clouds
145,Menongue,AO,-14.6585,17.691,53.01,43,32,3.96,scattered clouds
146,Dalianwan,CN,39.0286,121.695,73.44,94,90,6.71,overcast clouds
147,Bathsheba,BB,13.2167,-59.5167,84.81,70,40,20.71,scattered clouds
148,Bubaque,GW,11.2833,-15.8333,79.03,83,38,12.03,scattered clouds
149,Monrovia,LR,6.3005,-10.7969,76.77,77,55,10.54,broken clouds
150,Bredasdorp,ZA,-34.5322,20.0403,45.72,81,43,8.05,scattered clouds
151,Boali,CF,4.8005,18.1275,80.47,89,7,2.84,light rain
152,Heihe,CN,50.2441,127.4902,72.18,98,100,5.08,light rain
153,Galesong,ID,-5.3166,119.3661,71.62,72,48,10.54,scattered clouds
154,Nikolskoye,RU,59.7035,30.7861,75.09,78,100,1.83,overcast clouds
155,Hirara,JP,24.8,125.2833,84.09,77,71,13.35,broken clouds
156,Adrar,MR,20.5022,-10.0711,96.78,19,28,7.16,scattered clouds
157,Nishihara,JP,26.1842,127.7558,81.68,83,40,3.44,scattered clouds
158,Tuktoyaktuk,CA,69.4541,-133.0374,48.2,93,90,12.66,overcast clouds
159,Kattivakkam,IN,13.2167,80.3167,82.49,76,100,7.9,overcast clouds
160,Tautira,PF,-17.7333,-149.15,80.62,80,29,21.74,light rain
161,Antofagasta,CL,-23.65,-70.4,61.88,82,27,7.29,scattered clouds
162,Acajutla,SV,13.5928,-89.8275,92.8,70,40,5.32,scattered clouds
163,Naze,JP,28.3667,129.4833,78.39,85,100,5.68,overcast clouds
164,Ribeira Grande,PT,38.5167,-28.7,72.0,78,40,16.11,scattered clouds
165,Te Anau,NZ,-45.4167,167.7167,41.29,87,100,7.16,overcast clouds
166,Luau,AO,-10.7073,22.2247,62.51,39,34,2.01,scattered clouds
167,Kondinskoye,RU,59.6481,67.41,45.23,69,10,11.45,clear sky
168,Vostok,RU,46.4856,135.8833,70.34,83,60,2.1,broken clouds
169,Paris,FR,48.8534,2.3488,63.3,95,75,1.01,moderate rain
170,Zilair,RU,52.2332,57.4392,55.62,69,49,3.8,scattered clouds
171,Isangel,VU,-19.55,169.2667,71.38,78,93,17.09,overcast clouds
172,Nome,US,64.5011,-165.4064,53.67,82,90,8.05,overcast clouds
173,Sao Jose Da Coroa Grande,BR,-8.8978,-35.1478,75.67,80,34,8.66,scattered clouds
174,Ponta Do Sol,PT,32.6667,-17.1,72.72,83,4,7.31,clear sky
175,George,ZA,-33.963,22.4617,42.35,81,0,6.91,clear sky
176,Georgetown,MY,5.4112,100.3354,78.89,91,40,1.01,scattered clouds
177,Saint-Pierre,RE,-21.3393,55.4781,69.48,62,0,12.66,clear sky
178,Arraial Do Cabo,BR,-22.9661,-42.0278,75.16,83,0,12.66,clear sky
179,Two Hills,CA,53.7169,-111.7518,82.76,29,100,4.61,overcast clouds
180,Meadow Lake,US,34.8014,-106.5436,94.82,29,41,13.22,scattered clouds
181,Markova,UA,48.6758,24.4138,66.65,81,0,5.12,clear sky
182,Klaksvik,FO,62.2266,-6.589,50.92,91,99,12.8,overcast clouds
183,Dikson,RU,73.5069,80.5464,35.83,91,100,9.82,overcast clouds
184,Sitka,US,57.0531,-135.33,57.9,82,92,3.89,overcast clouds
185,Zhigansk,RU,66.7697,123.3711,58.17,87,100,8.05,light rain
186,Carnarvon,AU,-24.8667,113.6333,59.07,60,75,4.61,broken clouds
187,Ust-Tsilma,RU,65.441,52.1498,58.44,48,92,3.89,overcast clouds
188,Colares,PT,38.7992,-9.4469,65.88,72,20,13.0,few clouds
189,Bambanglipuro,ID,-7.95,110.2833,57.6,81,91,7.31,overcast clouds
190,Lukiv,UA,51.0521,25.4006,74.17,82,9,7.83,clear sky
191,Bilma,NE,18.6853,12.9164,94.93,24,85,4.52,overcast clouds
192,Lompoc,US,34.6391,-120.4579,90.01,69,1,14.97,clear sky
193,Caruray,PH,10.3094,119.0128,79.38,82,100,1.74,overcast clouds
194,Mehriz,IR,31.5917,54.4318,91.9,15,16,1.66,few clouds
195,San Quintin,MX,30.4833,-115.95,76.53,58,39,10.42,scattered clouds
196,Provideniya,RU,64.3833,-173.3,44.71,81,44,8.95,fog
197,Kuruman,ZA,-27.4524,23.4325,28.99,48,0,10.07,clear sky
198,Atambua,ID,-9.1061,124.8925,68.43,89,72,5.39,broken clouds
199,Gondar,ET,12.6,37.4667,59.05,89,100,2.39,light rain
200,Yumen,CN,40.2833,97.2,71.22,48,95,2.57,overcast clouds
201,Karwar,IN,14.8,74.1333,78.15,86,100,13.76,light rain
202,Baruun-Urt,MN,46.6806,113.2792,65.28,92,100,5.37,moderate rain
203,Bilibino,RU,68.0546,166.4372,60.93,72,98,3.87,overcast clouds
204,Yangambi,CD,0.8102,24.4336,75.7,67,69,3.76,broken clouds
205,Marsabit,KE,2.3284,37.9899,65.89,63,93,21.59,overcast clouds
206,Warmbad,NA,-28.45,18.7333,42.67,48,0,8.01,clear sky
207,Saint-Georges,GD,12.0564,-61.7485,83.88,74,20,18.41,few clouds
208,Zverinogolovskoye,RU,54.4586,64.8542,49.77,72,33,12.82,scattered clouds
209,Copiapo,CL,-27.3667,-70.3333,55.09,59,83,6.82,broken clouds
210,Ascension,US,30.2169,-90.9001,91.4,50,16,3.96,light rain
211,Rosemount,US,44.7394,-93.1258,89.78,52,1,1.01,clear sky
212,Pompeia,BR,-22.1086,-50.1717,70.9,32,1,3.91,clear sky
213,Daru,PG,-9.0763,143.2092,77.97,90,65,17.16,broken clouds
214,Rio Gallegos,AR,-51.6226,-69.2181,37.45,70,20,4.61,few clouds
215,Lagoa,PT,39.05,-27.9833,68.27,81,99,14.67,overcast clouds
216,Rawson,AR,-43.3002,-65.1023,50.23,47,11,6.91,few clouds
217,Erdenet,MN,49.0333,104.0833,47.84,94,86,4.81,overcast clouds
218,Luneville,FR,48.6,6.5,60.69,94,47,4.65,scattered clouds
219,Skelleftea,SE,64.7507,20.9528,72.0,58,99,1.01,overcast clouds
220,Batagay-Alyta,RU,67.8006,130.4114,62.04,50,75,3.85,broken clouds
221,Meulaboh,ID,4.1363,96.1285,76.21,86,100,4.29,overcast clouds
222,Pevek,RU,69.7008,170.3133,39.78,89,98,4.23,overcast clouds
223,Geraldton,AU,-28.7667,114.6,61.21,77,75,21.85,broken clouds
224,Primero De Enero,CU,21.9469,-78.4283,86.68,65,80,13.87,broken clouds
225,Aykhal,RU,66.0,111.5,49.37,90,99,9.28,overcast clouds
226,Nevers,FR,46.9167,3.3333,59.59,98,68,3.04,broken clouds
227,Garwa,IN,24.1833,83.8167,81.63,75,36,4.27,scattered clouds
228,Neuquen,AR,-38.9516,-68.0591,57.09,35,0,1.14,clear sky
229,Kpandae,GH,8.4689,-0.0113,78.4,74,100,4.56,overcast clouds
230,Ust-Maya,RU,60.4167,134.5333,60.08,73,98,2.77,overcast clouds
231,Konskie,PL,51.1917,20.4061,74.16,72,0,5.28,clear sky
232,Chervonohryhorivka,UA,47.623,34.5389,74.41,64,6,7.34,clear sky
233,Kahului,US,20.8947,-156.47,82.85,75,21,17.0,few clouds
234,El Bagre,CO,7.5927,-74.8086,88.34,64,91,3.96,overcast clouds
235,Scarborough,GB,54.2797,-0.4044,59.9,87,2,8.61,clear sky
236,Berlevag,NO,70.8578,29.0864,57.0,93,75,4.61,light rain
237,Nicoya,CR,10.1483,-85.452,87.35,74,59,3.51,broken clouds
238,Grand Gaube,MU,-20.0064,57.6608,70.2,69,13,3.0,few clouds
239,Jishou,CN,28.3167,109.7167,75.69,96,3,2.57,clear sky
240,Sao Felix Do Xingu,BR,-6.6447,-51.995,85.96,38,59,2.73,broken clouds
241,Katsuura,JP,35.1333,140.3,76.1,92,40,7.87,scattered clouds
242,Show Low,US,34.2542,-110.0298,87.51,32,1,12.66,clear sky
243,Vila Velha,BR,-20.3297,-40.2925,78.96,71,40,4.61,scattered clouds
244,East London,ZA,-33.0153,27.9116,53.02,66,72,22.32,light rain
245,Sweetwater,US,25.7634,-80.3731,78.82,93,90,11.5,thunderstorm
246,Mangan,IN,27.5167,88.5333,74.62,93,97,0.63,overcast clouds
247,Ambon,ID,-3.6954,128.1814,75.34,100,40,4.61,light rain
248,Ancud,CL,-41.8697,-73.8203,49.53,79,100,7.45,overcast clouds
249,Bose,IT,45.4612,8.0137,60.39,82,6,9.46,light rain
250,Ulladulla,AU,-35.35,150.4667,56.3,59,100,11.18,overcast clouds
251,Bathurst,AU,-33.4166,149.5806,46.85,91,100,6.93,overcast clouds
252,Moron,AR,-34.6534,-58.6198,57.99,72,78,4.0,broken clouds
253,Faya,SA,18.3851,42.4509,69.91,48,99,5.28,overcast clouds
254,Aksarka,RU,66.5606,67.7975,41.34,69,40,2.86,scattered clouds
255,Vung Tau,VN,10.346,107.0843,80.89,78,91,1.88,light rain
256,Petropavlovsk-Kamchatskiy,RU,53.0452,158.6483,66.79,77,75,4.47,broken clouds
257,Pachino,IT,36.7186,15.0907,78.84,67,0,13.31,clear sky
258,Carutapera,BR,-1.195,-46.02,76.3,92,77,6.64,broken clouds
259,Faanui,PF,-16.4833,-151.75,80.46,69,0,20.33,clear sky
260,Sciacca,IT,37.5082,13.0881,81.05,75,16,3.02,few clouds
261,Sinnamary,GF,5.3833,-52.95,80.04,84,95,8.52,overcast clouds
262,Turukhansk,RU,65.8167,87.9833,35.19,78,52,8.55,broken clouds
263,Tual,ID,-5.6667,132.75,80.4,84,72,16.28,broken clouds
264,Saldanha,ZA,-33.0117,17.9442,44.65,70,36,3.0,scattered clouds
265,Tuatapere,NZ,-46.1333,167.6833,40.42,87,100,7.72,overcast clouds
266,Saint-Prosper,CA,46.2117,-70.4811,72.32,56,100,9.33,overcast clouds
267,Castro,BR,-24.7911,-50.0119,58.46,65,14,2.57,few clouds
268,Vredendal,ZA,-31.6683,18.5012,46.71,76,4,4.03,clear sky
269,Hokitika,NZ,-42.7167,170.9667,42.91,82,78,4.45,broken clouds
270,Taoudenni,ML,22.6783,-3.9836,105.96,6,0,8.99,clear sky
271,Sassandra,CI,4.95,-6.0833,75.18,87,72,6.64,light rain
272,Knysna,ZA,-34.0363,23.0471,44.98,81,86,6.6,light rain
273,Richards Bay,ZA,-28.783,32.0377,64.53,45,66,15.01,broken clouds
274,Jaru,BR,-10.4389,-62.4664,91.72,34,0,1.01,clear sky
275,Mae Sai,TH,20.4335,99.8762,76.32,97,61,2.01,broken clouds
276,Abu Dhabi,AE,24.4667,54.3667,98.71,71,0,1.14,clear sky
277,Jumla,NP,29.2747,82.1838,61.45,94,100,0.43,overcast clouds
278,Tshane,BW,-24.0196,21.8684,36.25,51,0,7.87,clear sky
279,Sakaiminato,JP,35.55,133.2333,73.38,100,75,3.44,broken clouds
280,Pauini,BR,-7.7136,-66.9764,92.03,38,7,1.74,clear sky
281,Vilhena,BR,-12.7406,-60.1458,88.02,37,0,9.22,clear sky
282,Ginir,ET,7.1333,40.7,58.78,81,100,8.32,light rain
283,Tabuk,PH,17.4189,121.4443,73.56,92,100,2.28,overcast clouds
284,Hengyang,CN,26.8881,112.615,80.35,75,52,4.63,broken clouds
285,Aswan,EG,24.0934,32.907,93.33,16,100,14.18,overcast clouds
286,Sola,VU,-13.8833,167.55,80.51,79,88,20.76,overcast clouds
287,Jacksonville Beach,US,30.2947,-81.3931,91.06,71,5,3.0,clear sky
288,Bima,ID,-8.4667,118.7167,70.52,93,68,5.28,broken clouds
289,Labuhan,ID,-6.8844,112.2051,76.55,75,38,13.69,scattered clouds
290,Kozmodemyansk,RU,56.3367,46.5711,70.63,85,54,2.33,broken clouds
291,Manggar,ID,-2.8833,108.2667,71.37,91,100,14.65,light rain
292,Qiongshan,CN,20.0058,110.3542,80.58,83,0,2.24,clear sky
293,Matara,LK,5.9485,80.5353,78.21,89,100,11.48,overcast clouds
294,Almunecar,ES,36.7339,-3.6907,83.32,76,6,2.28,clear sky
295,Zolochiv,UA,49.806,24.8944,70.27,80,0,8.84,clear sky
296,La Cruz,MX,23.9167,-106.9,86.86,56,98,7.45,overcast clouds
297,Quang Ngai,VN,15.1167,108.8,75.42,90,75,4.32,broken clouds
298,Deputatskiy,RU,69.3,139.9,50.2,71,100,3.98,overcast clouds
299,San Juan,AR,-31.5375,-68.5364,60.89,41,52,9.78,broken clouds
300,Chilliwack,CA,49.1747,-121.9443,85.35,50,13,5.99,few clouds
301,Tessalit,ML,20.1986,1.0114,97.25,5,3,10.11,clear sky
302,San Jose,US,37.3394,-121.895,84.85,64,1,12.66,clear sky
303,Zyryanka,RU,65.75,150.85,58.03,66,25,8.9,scattered clouds
304,Kaitangata,NZ,-46.2817,169.8464,37.92,76,97,6.35,light rain
305,Cairns,AU,-16.9167,145.7667,67.95,89,24,8.05,few clouds
306,Nizwa,OM,22.9333,57.5333,84.88,63,100,4.03,overcast clouds
307,Selma,US,36.5708,-119.6121,110.03,9,21,3.24,few clouds
308,Teya,RU,60.3778,92.6267,48.85,74,7,3.24,clear sky
309,Port Hedland,AU,-20.3167,118.5667,68.05,100,31,5.75,scattered clouds
310,Dalhousie,IN,32.5333,75.9833,59.79,85,9,4.25,clear sky
311,Axim,GH,4.8699,-2.2405,77.97,80,100,9.86,overcast clouds
312,Longkou,CN,37.6508,120.3286,76.3,94,18,14.56,heavy intensity rain
313,Cockburn Town,TC,21.4612,-71.1419,85.96,66,75,16.11,broken clouds
314,Shaunavon,CA,49.6501,-108.4181,78.58,53,100,12.84,overcast clouds
315,Izumo,JP,35.3667,132.7667,73.35,87,3,4.18,clear sky
316,Omsukchan,RU,62.5333,155.8,56.46,71,94,1.54,overcast clouds
317,Idappadi,IN,11.5833,77.85,76.5,76,100,2.37,overcast clouds
318,Chokurdakh,RU,70.6333,147.9167,45.82,58,62,13.27,broken clouds
319,Dzilam Gonzalez,MX,21.2833,-88.9333,88.16,59,84,12.59,broken clouds
320,Kruisfontein,ZA,-34.0033,24.7314,45.88,78,61,14.43,broken clouds
321,Shibetsu,JP,43.659,145.132,59.4,96,88,5.64,overcast clouds
322,Jalu,LY,29.0331,21.5482,87.71,32,0,15.21,clear sky
323,Lapua,FI,62.9693,23.0088,65.08,82,6,2.01,clear sky
324,Puerto Escondido,MX,15.85,-97.0667,86.34,68,100,6.42,overcast clouds
325,Necochea,AR,-38.5473,-58.7368,49.03,62,0,3.33,clear sky
326,Aklavik,CA,68.2191,-135.0107,66.92,59,100,18.63,overcast clouds
327,Sao Filipe,CV,14.8961,-24.4956,73.83,84,100,3.89,overcast clouds
328,Kalmunai,LK,7.4167,81.8167,81.14,73,100,6.06,overcast clouds
329,Beloha,MG,-25.1667,45.05,65.55,66,0,4.65,clear sky
330,Marsa Matruh,EG,31.3525,27.2453,79.0,78,0,5.75,clear sky
331,Heishan,CN,41.6892,122.1128,73.92,97,99,11.34,light rain
332,Tabou,CI,4.423,-7.3528,76.86,80,63,9.91,broken clouds
333,Nikel,RU,69.4128,30.222,60.98,92,100,6.08,light rain
334,Green River,US,41.5286,-109.4662,94.19,11,99,14.79,overcast clouds
335,Itoman,JP,26.1247,127.6694,82.42,83,40,3.44,scattered clouds
336,Ahipara,NZ,-35.1667,173.1667,51.55,73,6,7.67,clear sky
337,Tapes,BR,-30.6733,-51.3958,65.48,80,100,2.37,heavy intensity rain
338,Raudeberg,NO,61.9875,5.1352,65.07,87,100,13.87,overcast clouds
339,Laguna,US,38.421,-121.4238,104.25,19,0,9.06,clear sky
340,Conceicao Do Araguaia,BR,-8.2578,-49.2647,93.33,33,0,5.75,clear sky
341,Torbay,CA,47.6666,-52.7314,59.29,71,20,13.8,few clouds
342,Arlit,NE,18.7369,7.3853,96.78,21,96,7.49,overcast clouds
343,Marzuq,YE,14.4,46.4667,80.29,54,100,7.76,overcast clouds
344,Rocha,UY,-34.4833,-54.3333,53.65,88,100,7.83,heavy intensity rain
345,Koumac,NC,-20.5667,164.2833,67.55,73,7,9.75,clear sky
346,Mareeba,AU,-17.0,145.4333,63.32,93,55,2.21,broken clouds
347,Yar-Sale,RU,66.8333,70.8333,42.4,68,55,3.09,broken clouds
348,Grindavik,IS,63.8424,-22.4338,50.56,87,75,20.71,broken clouds
349,Guangyuan,CN,32.442,105.823,77.11,92,80,3.4,broken clouds
350,North Bend,US,43.4065,-124.2243,76.24,74,19,3.0,few clouds
351,Broken Hill,AU,-31.95,141.4333,60.51,41,40,14.97,scattered clouds
352,Golden Gate,US,26.1879,-81.6951,78.98,53,100,16.71,overcast clouds
353,Nantucket,US,41.2835,-70.0995,70.03,88,90,9.22,overcast clouds
354,Wellington,NZ,-41.2866,174.7756,44.56,90,90,1.99,overcast clouds
355,Male,MV,4.1748,73.5089,84.15,84,75,6.91,broken clouds
356,Victoria,HK,22.2855,114.1577,85.32,83,59,1.01,broken clouds
357,Sao Joao Da Barra,BR,-21.6403,-41.0511,75.29,85,0,9.69,clear sky
358,Qui Nhon,VN,13.7667,109.2333,78.26,87,100,4.7,overcast clouds
359,Skibbereen,IE,51.55,-9.2667,64.2,91,72,10.02,broken clouds
360,Pavlodar,KZ,52.3,76.95,64.2,88,40,6.71,light rain
361,Biryusinsk,RU,55.9634,97.8235,58.21,74,100,1.07,overcast clouds
362,Leh,IN,34.1667,77.5833,59.94,48,82,5.82,broken clouds
363,Betafo,MG,-19.8333,46.85,49.71,86,6,4.79,clear sky
364,Dolores,AR,-36.3132,-57.6792,49.39,65,0,7.99,clear sky
365,Ust-Karsk,RU,52.7011,118.8077,61.25,90,100,5.01,overcast clouds
366,Casablanca,MA,33.5928,-7.6192,70.02,73,0,18.01,clear sky
367,Ust-Nera,RU,64.5667,143.2,62.49,50,99,4.99,overcast clouds
368,Plavsk,RU,53.7094,37.2919,67.95,64,0,1.61,clear sky
369,Burns Lake,CA,54.2331,-125.7533,78.22,23,30,7.25,scattered clouds
370,Yinchuan,CN,38.4681,106.2731,84.24,27,18,1.88,few clouds
371,Port Macquarie,AU,-31.4333,152.9167,45.37,78,98,6.44,overcast clouds
372,Wattegama,LK,6.7989,81.4808,76.95,73,100,3.15,overcast clouds
373,Harper,LR,4.375,-7.7169,77.04,79,87,10.16,light rain
374,Areosa,PT,41.7178,-8.8571,68.68,86,2,15.03,clear sky
375,Dolinsk,RU,47.35,142.8,64.26,91,77,7.16,broken clouds
376,Airai,TL,-8.9266,125.4092,53.98,88,96,3.27,overcast clouds
377,Dingle,PH,10.9995,122.6711,77.45,87,100,0.63,light rain
378,Vila,PT,42.0304,-8.1588,57.7,75,17,4.09,few clouds
379,Nadym,RU,65.5333,72.5167,40.1,70,99,8.68,overcast clouds
380,Buchanan,LR,5.8808,-10.0467,76.96,80,71,8.77,broken clouds
381,Svetlyy,RU,54.675,20.1347,66.25,91,31,10.16,scattered clouds
382,Souillac,MU,-20.5167,57.5167,70.18,64,40,11.5,scattered clouds
383,Alofi,NU,-19.0595,-169.9187,76.89,83,40,9.22,scattered clouds
384,Greenwood,US,34.1668,-82.1165,89.49,64,20,6.91,few clouds
385,Chuy,UY,-33.6971,-53.4616,57.07,95,100,11.81,light rain
386,Krsko,SI,45.9591,15.4917,79.88,72,100,2.3,overcast clouds
387,Saint-Michel-Des-Saints,CA,46.6834,-73.9159,69.94,96,100,7.54,overcast clouds
388,Pyu,MM,18.4833,96.4333,75.99,93,32,3.51,scattered clouds
389,Salinas,US,36.6777,-121.6555,78.51,77,0,9.8,clear sky
390,Liaozhong,CN,41.5061,122.7242,77.49,98,100,11.27,light rain
391,Taltal,CL,-25.4,-70.4833,60.66,78,22,7.81,few clouds
392,Rovaniemi,FI,66.5,25.7167,67.41,68,0,9.22,clear sky
393,Kavieng,PG,-2.5744,150.7967,82.65,76,52,16.24,broken clouds
394,Tchibanga,GA,-2.85,11.0333,68.29,80,51,3.67,broken clouds
395,Halden,NO,59.1226,11.3871,73.54,76,76,4.05,broken clouds
396,Coihaique,CL,-45.5752,-72.0662,45.21,76,75,6.91,light rain
397,Bone,DE,51.9669,12.1396,74.62,88,100,2.44,heavy intensity rain
398,Namibe,AO,-15.1961,12.1522,64.42,83,83,4.36,broken clouds
399,Buin,CL,-33.7333,-70.75,59.05,54,20,4.05,few clouds
400,Valparaiso,CL,-33.0393,-71.6273,59.23,59,0,17.27,clear sky
401,Road Town,VG,18.4167,-64.6167,86.04,70,40,8.05,scattered clouds
402,Kuytun,RU,54.3419,101.5036,56.84,78,94,4.72,overcast clouds
403,Iracoubo,GF,5.4802,-53.2011,78.69,87,80,9.01,broken clouds
404,The Valley,AI,18.217,-63.0578,85.82,70,20,16.11,few clouds
405,Verkhoyansk,RU,67.5447,133.385,63.75,57,40,3.96,scattered clouds
406,Asau,RO,46.4333,26.4,69.4,94,27,2.77,scattered clouds
407,Buraydah,SA,26.326,43.975,95.45,12,21,6.53,few clouds
408,San Ignacio,BZ,17.1561,-89.0714,80.74,89,0,4.61,clear sky
409,Oktyabrskoye,RU,43.0645,44.7417,66.34,88,91,6.71,overcast clouds
410,Fortuna,US,40.5982,-124.1573,98.47,88,90,14.97,overcast clouds
411,Morehead,US,37.2711,-87.1764,83.95,65,1,1.01,clear sky
412,Illela,NG,13.7292,5.2975,89.8,47,78,7.29,broken clouds
413,San Cristobal,VE,7.7669,-72.225,78.98,77,90,4.63,overcast clouds
414,Visby,SE,57.6409,18.296,73.06,88,23,8.12,light rain
415,Moissala,TD,8.3404,17.7663,71.65,93,94,1.59,light rain
416,Namatanai,PG,-3.6667,152.4333,79.18,81,42,8.3,scattered clouds
417,Piacabucu,BR,-10.4056,-36.4344,73.62,86,5,6.46,clear sky
418,Novooleksiyivka,UA,46.2269,34.6428,75.2,54,2,10.6,clear sky
419,East Wenatchee,US,47.4157,-120.2931,100.74,21,0,1.01,clear sky
420,Debre Zeyit,ET,8.75,38.9833,60.85,85,100,4.81,overcast clouds
421,Kapoeta,SS,4.7717,33.5903,70.27,89,71,7.65,broken clouds
422,Sunnyside,US,46.3237,-120.0087,102.99,13,0,2.8,clear sky
423,Broome,US,42.2506,-75.833,82.56,88,75,8.99,broken clouds
424,Skjervoy,NO,70.0311,20.9714,51.98,90,100,16.53,overcast clouds
425,Redlands,US,34.0556,-117.1825,108.45,36,28,1.99,scattered clouds
426,Belyy Yar,RU,53.6039,91.3903,60.69,88,0,2.24,clear sky
427,Waingapu,ID,-9.6567,120.2641,71.51,83,60,8.59,broken clouds
428,Manakara,MG,-22.1333,48.0167,64.56,89,0,5.37,clear sky
429,Mugur-Aksy,RU,50.35,90.5,49.75,80,8,1.21,clear sky
430,Islampur,IN,26.2667,88.2,79.03,90,100,8.46,moderate rain
431,Mersing,MY,2.4312,103.8405,73.31,100,100,2.3,light rain
432,Mujiayingzi,CN,42.1167,118.7833,70.05,93,99,3.62,overcast clouds
433,La Asuncion,VE,11.0333,-63.8628,87.53,62,3,19.57,clear sky
434,Acara,BR,-1.9608,-48.1967,80.89,71,85,3.74,overcast clouds
435,Hamilton,US,39.1834,-84.5333,81.41,85,75,4.0,light rain
436,Oranjemund,NA,-28.55,16.4333,52.05,69,0,16.44,clear sky
437,Chara,RU,56.9064,118.2631,60.39,63,96,0.67,overcast clouds
438,Puerto Narino,CO,-3.7703,-70.3831,85.95,80,36,1.66,scattered clouds
439,Xinqing,CN,48.2333,129.5,72.93,91,100,1.59,overcast clouds
440,Kundiawa,PG,-6.0167,144.9667,59.05,95,81,3.2,broken clouds
441,Kochi,IN,9.9399,76.2602,78.01,85,100,8.55,overcast clouds
442,Mezhdurechensk,RU,53.6942,88.0603,56.73,96,74,3.49,broken clouds
443,Oltu,TR,40.5498,42.0013,63.7,91,77,3.18,broken clouds
444,West Helena,US,34.5507,-90.6418,87.48,63,68,5.23,broken clouds
445,Maceio,BR,-9.6658,-35.7353,78.24,73,20,8.05,few clouds
446,Tilichiki,RU,60.4667,166.1,56.28,87,100,3.74,light rain
447,Marfino,RU,55.7028,37.3822,78.94,63,0,6.71,clear sky
448,Vavuniya,LK,8.7514,80.4971,77.27,84,100,7.02,overcast clouds
449,Sumenep,ID,-7.0167,113.8667,77.11,72,90,7.43,overcast clouds
450,Healdsburg,US,38.6105,-122.8692,102.52,49,0,8.61,clear sky
451,La Ciotat,FR,43.1748,5.6045,70.57,60,61,25.97,broken clouds
452,Lokosovo,RU,61.1333,74.8167,48.87,61,100,14.0,overcast clouds
453,Praya,CV,14.9215,-23.5087,77.54,69,40,11.5,scattered clouds
454,Ariano Irpino,IT,41.1489,15.0833,73.85,46,8,4.94,clear sky
455,Melioratorov,RU,57.2107,65.6077,46.78,87,0,8.95,clear sky
456,Pangai,TO,-19.8,-174.35,78.91,78,75,8.05,broken clouds
457,Kaohsiung,TW,22.6163,120.3133,81.03,75,20,1.01,few clouds
458,Parakai,NZ,-36.65,174.4333,42.73,68,12,7.4,few clouds
459,Sydney,AU,-33.8679,151.2073,55.35,73,0,1.99,clear sky
460,New Glasgow,CA,45.5834,-62.6486,77.92,52,91,3.69,overcast clouds
461,Lorengau,PG,-2.0226,147.2712,82.02,79,69,11.32,broken clouds
462,Oranjestad,AW,12.524,-70.027,87.75,62,20,25.32,few clouds
463,Masterton,NZ,-40.9597,175.6575,40.78,93,3,2.73,clear sky
464,Jega,NG,12.2175,4.3792,84.79,58,90,1.43,light rain
465,Bairnsdale,AU,-37.8333,147.6167,49.69,77,88,1.01,light rain
466,Mount Isa,AU,-20.7333,139.5,44.37,65,19,0.0,few clouds
467,Hovd,MN,48.0056,91.6419,64.11,44,6,3.4,clear sky
468,Sambava,MG,-14.2667,50.1667,69.4,83,51,9.22,light rain
469,Fallon,US,39.4735,-118.7774,105.93,10,40,6.91,scattered clouds
470,Poya,NC,-21.35,165.15,64.71,71,23,7.07,few clouds
471,Vestmannaeyjar,IS,63.4427,-20.2734,51.62,88,95,14.92,overcast clouds
472,Yenagoa,NG,4.9247,6.2642,74.98,91,100,3.74,overcast clouds
473,Vargashi,RU,55.3556,65.8467,52.09,67,100,14.85,overcast clouds
474,Kedrovyy,RU,56.1667,91.8167,59.41,88,58,3.18,broken clouds
475,Caraquet,CA,47.7941,-64.9386,75.78,52,21,8.41,few clouds
476,Morki,RU,56.4303,48.9947,61.02,83,99,1.92,overcast clouds
477,Saint-Paul,RE,-21.0096,55.2707,69.91,86,52,1.01,broken clouds
478,Barabai,ID,-2.5833,115.3833,72.7,98,100,1.61,overcast clouds
479,Paka,MY,4.6374,103.4368,75.13,94,100,0.0,overcast clouds
480,Suntar,RU,62.1444,117.6319,62.46,76,2,3.24,clear sky
481,Inyonga,TZ,-6.7167,32.0667,68.49,46,12,2.82,few clouds
482,Vao,NC,-22.6667,167.4833,66.85,56,6,15.37,clear sky
483,Boden,SE,65.8252,21.6886,68.0,70,93,3.31,overcast clouds
484,Larap,PH,14.299,122.6504,77.04,87,100,1.41,overcast clouds
485,Port Maria,JM,18.3685,-76.8895,90.97,80,66,16.24,broken clouds
486,Camacha,PT,33.0833,-16.3333,66.96,73,75,10.36,broken clouds
487,Esmeraldas,BR,-19.7625,-44.3139,73.51,44,0,5.77,clear sky
488,Biak,ID,-0.9131,122.8766,75.13,89,100,7.99,overcast clouds
489,Rancho Palos Verdes,US,33.7445,-118.387,95.09,80,36,1.99,scattered clouds
490,Vardo,NO,70.3705,31.1107,59.2,97,100,6.15,overcast clouds
491,Kalachinsk,RU,55.0529,74.5751,52.95,96,93,7.72,overcast clouds
492,Narok,KE,-1.0783,35.8601,56.75,90,93,2.82,overcast clouds
493,Samarai,PG,-10.6167,150.6667,79.07,86,52,17.45,broken clouds
494,Bereda,ES,43.2686,-7.5406,58.91,97,68,3.42,broken clouds
495,Watsa,CD,3.0372,29.5355,62.94,98,92,2.68,overcast clouds
496,Turka,UA,49.1541,23.0297,71.15,77,0,5.37,clear sky
497,Ruston,US,32.5232,-92.6379,91.85,33,13,7.67,few clouds
498,Senador Jose Porfirio,BR,-2.5908,-51.9542,80.71,72,76,0.38,broken clouds
499,Henties Bay,NA,-22.116,14.2845,54.86,84,0,9.1,clear sky
500,Benjamin Hill,MX,30.1667,-111.1,94.17,37,13,9.13,few clouds
501,Zharkent,KZ,44.1628,80.0,70.47,48,100,1.81,overcast clouds
502,Henderson,US,36.0397,-114.9819,107.11,24,1,12.66,clear sky
503,Camacupa,AO,-12.0167,17.4833,58.46,33,54,2.86,broken clouds
504,Suhbaatar,MN,50.2314,106.2078,58.82,97,100,3.74,overcast clouds
505,Krumbach,DE,48.2418,10.3632,57.61,96,81,6.06,broken clouds
506,Moindou,NC,-21.6924,165.677,55.35,69,2,7.31,clear sky
507,Kangaatsiaq,GL,68.3065,-53.4641,44.33,89,100,22.28,moderate rain
508,Kinkala,CG,-4.3614,14.7644,71.91,51,8,3.27,clear sky
509,Alta Floresta,BR,-9.8756,-56.0861,94.82,29,0,5.75,clear sky
510,Bud,US,39.447,-86.1758,81.21,76,81,10.6,broken clouds
511,Malm,NO,64.0721,11.2172,66.04,83,91,6.33,overcast clouds
512,Ayagoz,KZ,47.9714,80.4392,69.35,49,70,25.61,broken clouds
513,Mezen,RU,65.8522,44.24,51.76,94,70,6.35,broken clouds
514,Gannan,CN,47.9147,123.5031,72.72,98,100,11.59,overcast clouds
515,Ndungu,TZ,-4.3667,38.05,66.65,92,25,1.07,scattered clouds
516,Oga,IT,46.4631,10.347,52.68,85,74,4.07,moderate rain
517,Bontang,ID,0.1333,117.5,75.85,90,70,5.93,broken clouds
518,Cap-Aux-Meules,CA,47.3821,-61.8597,69.85,46,1,6.91,clear sky
519,Nampula,MZ,-15.1165,39.2666,67.95,94,0,8.05,clear sky
520,Pericos,MX,25.05,-107.7,96.37,35,55,10.47,broken clouds
521,Alice Springs,AU,-23.7,133.8833,67.55,24,40,16.11,scattered clouds
522,San Patricio,US,28.017,-97.5169,88.92,57,99,12.57,overcast clouds
523,Pangkalanbuun,ID,-2.6833,111.6167,73.78,98,100,1.41,moderate rain
524,Ilulissat,GL,69.2167,-51.1,42.28,95,100,7.56,moderate rain
525,Saint-Augustin,CA,51.226,-58.6502,65.55,55,60,19.08,broken clouds
526,Sibolga,ID,1.7427,98.7792,75.16,86,100,4.07,moderate rain
527,Lagos,NG,6.5833,3.75,80.92,83,100,7.27,light rain
528,Mackay,AU,-21.15,149.2,65.05,100,75,4.61,fog
529,Erenhot,CN,43.6475,111.9767,78.53,52,15,8.37,few clouds
530,Praia Da Vitoria,PT,38.7333,-27.0667,71.85,88,40,9.64,scattered clouds
531,Kalianget,ID,-7.05,113.9333,78.42,68,92,9.78,overcast clouds
532,Horsham,GB,51.064,-0.3272,66.92,76,0,6.91,clear sky
533,Flinders,AU,-34.5833,150.8552,56.48,76,100,1.01,light rain
534,Hita,JP,33.3167,130.9333,78.28,95,55,2.15,broken clouds
535,Olinda,BR,-8.0089,-34.8553,76.73,65,20,12.66,few clouds
536,Parnarama,BR,-5.6817,-43.0933,85.55,36,19,3.42,few clouds
537,Kolyvan,RU,55.3053,82.7391,67.62,93,81,5.79,broken clouds
538,Padang,ID,-0.9492,100.3543,75.67,61,96,3.69,overcast clouds
539,Ciudad Guayana,VE,8.3533,-62.6528,84.96,64,62,9.01,broken clouds
540,Lazaro Cardenas,MX,17.9583,-102.2,86.05,70,28,8.95,scattered clouds
541,Asfi,MA,32.2994,-9.2372,67.55,76,0,21.23,clear sky
542,Leninskoye,KZ,41.7589,69.3864,73.33,34,34,1.39,scattered clouds
543,Santa Isabel,BR,-23.3156,-46.2214,76.78,51,0,2.82,clear sky
544,Pemangkat,ID,1.1667,108.9667,77.54,87,100,22.12,overcast clouds
545,Dzerzhinsk,RU,56.2389,43.4631,69.62,78,0,0.0,clear sky
546,Beringovskiy,RU,63.05,179.3167,57.9,75,85,3.8,overcast clouds
547,Muroto,JP,33.2833,134.15,78.28,80,2,3.2,clear sky
548,Novogurovskiy,RU,54.4678,37.3428,63.99,66,0,4.38,clear sky
549,Coquimbo,CL,-29.9533,-71.3436,58.73,72,20,12.66,few clouds
550,Touros,BR,-5.1989,-35.4608,81.5,76,27,14.88,scattered clouds
551,Smithers,CA,54.7804,-127.1743,77.32,38,40,4.61,scattered clouds
552,Peniche,PT,39.3558,-9.3811,65.68,86,0,20.22,clear sky
553,Maldonado,UY,-34.6667,-54.9167,53.22,86,100,6.93,overcast clouds
554,Aquiraz,BR,-3.9014,-38.3911,82.49,81,98,10.25,overcast clouds
555,Manturovo,RU,58.3353,44.7619,67.6,84,98,2.17,overcast clouds
556,Kuito,AO,-12.3833,16.9333,55.08,34,77,1.68,broken clouds
557,Nalut,LY,30.3333,10.85,91.29,13,0,9.26,clear sky
558,Khvoynaya,RU,58.9,34.5333,69.73,61,81,2.15,broken clouds
559,Cabo Rojo,PR,18.0866,-67.1457,86.97,77,95,1.99,overcast clouds
560,Viransehir,TR,37.2353,39.7631,90.14,16,0,11.74,clear sky
561,Cuenca,EC,-2.8833,-78.9833,66.33,52,75,6.91,light rain
562,Kaeo,NZ,-35.1,173.7833,44.33,94,5,4.36,clear sky
563,Grand-Santi,GF,4.25,-54.3833,79.14,81,100,2.98,overcast clouds
564,Shimoda,JP,34.6667,138.95,74.1,87,96,7.23,heavy intensity rain
565,Yulara,AU,-25.2406,130.9889,64.24,94,75,6.91,broken clouds
566,Ternate,ID,0.8,127.4,80.37,78,43,1.34,scattered clouds
567,Dunedin,NZ,-45.8742,170.5036,41.81,80,90,4.0,overcast clouds
568,Stephenville,US,32.2207,-98.2023,93.81,46,1,9.22,clear sky
569,Morondava,MG,-20.2833,44.2833,68.63,83,2,7.05,clear sky
570,Sept-Iles,CA,50.2001,-66.3821,73.92,38,40,8.05,scattered clouds
571,Ottawa,CA,45.4112,-75.6981,83.52,77,75,8.99,broken clouds
572,Ustye,RU,59.6304,39.736,67.82,65,70,5.73,broken clouds
573,Korem,ET,12.5058,39.5228,61.02,71,100,5.39,overcast clouds
574,Bekesszentandras,HU,46.8667,20.4833,82.45,33,0,9.15,clear sky
575,General Pico,AR,-35.6566,-63.7568,53.53,43,84,5.44,broken clouds
576,Nizhneivkino,RU,58.194,49.5214,60.84,60,66,3.8,broken clouds
577,Ketchikan,US,55.3422,-131.6461,58.01,96,100,3.13,light rain
578,La Tebaida,CO,4.4527,-75.7875,83.97,69,76,1.81,broken clouds
579,Tukrah,LY,32.5341,20.5791,78.37,79,0,9.91,clear sky
580,Lufilufi,WS,-13.8745,-171.5986,80.38,81,78,18.57,light rain
581,Gushikawa,JP,26.3544,127.8686,81.63,83,100,9.75,overcast clouds
582,Ballina,AU,-28.8667,153.5667,57.78,88,83,4.61,broken clouds
583,Staryy Nadym,RU,65.6118,72.6842,40.51,69,95,8.37,overcast clouds
584,Foumban,CM,5.7291,10.9001,64.35,96,100,2.17,light rain
585,Hendersonville,US,36.3048,-86.62,85.42,65,36,3.0,scattered clouds
586,Cintalapa,MX,16.6951,-93.7272,81.97,68,89,10.69,overcast clouds
587,Lindi,TZ,-10.0,39.7167,69.13,96,8,3.98,clear sky
588,Machilipatnam,IN,16.1667,81.1333,78.48,88,100,12.28,overcast clouds
589,Kargasok,RU,59.0556,80.8572,59.52,97,100,12.08,overcast clouds
590,Iqaluit,CA,63.7506,-68.5145,53.33,81,75,0.0,broken clouds
591,San Andres,CO,12.5847,-81.7006,86.02,74,75,12.66,broken clouds
592,Oriximina,BR,-1.7656,-55.8661,86.05,60,22,4.05,few clouds
593,Altamira,BR,-3.2033,-52.2064,89.69,62,20,3.44,few clouds
594,Alihe,CN,50.5667,123.7167,68.31,99,100,8.61,light rain
595,Riyadh,SA,24.6877,46.7219,96.94,13,65,7.76,broken clouds
596,Gilgit,PK,35.9221,74.3087,77.63,60,68,5.06,broken clouds
597,Tirumullaivasal,IN,11.2333,79.8333,81.54,65,100,11.43,overcast clouds
598,Christchurch,NZ,-43.5333,172.6333,35.47,87,8,2.3,clear sky
599,Trogir,HR,43.5125,16.2517,88.79,39,0,6.91,clear sky
600,Singapore,SG,1.2897,103.8501,78.75,90,75,0.0,broken clouds
601,Takoradi,GH,4.8845,-1.7554,77.65,81,100,10.25,overcast clouds
602,Palmer,US,42.1584,-72.3287,72.14,73,90,6.91,overcast clouds
603,Kokoda,PG,-8.8785,147.7407,72.21,88,19,1.32,few clouds
604,Celestun,MX,20.8667,-90.4,87.01,65,46,19.73,scattered clouds
605,Iberia,US,29.9502,-91.7507,92.97,53,67,3.78,broken clouds
606,Egvekinot,RU,66.3167,-179.1667,59.27,61,69,3.78,broken clouds
607,Narsaq,GL,60.9167,-46.05,49.86,73,47,3.4,scattered clouds
608,Les Cayes,HT,18.2,-73.75,84.02,73,45,11.05,scattered clouds
609,Ostersund,SE,63.1792,14.6357,70.25,52,93,3.44,overcast clouds
610,Morant Bay,JM,17.8815,-76.4093,90.63,74,25,14.54,scattered clouds
611,Seminole,US,28.7086,-81.2081,92.41,65,44,1.01,scattered clouds
612,Semporna,MY,4.4818,118.6112,77.2,86,71,4.21,broken clouds
613,Sorland,NO,67.667,12.6934,53.67,89,92,12.41,overcast clouds
614,Kijang,KR,35.2442,129.2139,78.53,94,100,5.23,overcast clouds
615,Iquique,CL,-20.2208,-70.1431,64.44,80,77,9.24,broken clouds
616,Pirovskoye,RU,57.6267,92.2658,57.81,69,21,4.99,few clouds
617,Fort Nelson,CA,58.8053,-122.7002,78.39,44,20,5.75,few clouds
618,Huarmey,PE,-10.0681,-78.1522,69.06,74,81,12.28,broken clouds
619,Oistins,BB,13.0667,-59.5333,84.29,70,40,20.71,scattered clouds
620,Starotimoshkino,RU,53.7191,47.5312,63.28,92,7,6.46,clear sky
621,Touho,NC,-20.7833,165.2333,67.01,71,16,13.09,few clouds
622,Xique-Xique,BR,-10.8218,-42.7263,80.37,40,0,6.85,clear sky
623,Inhambane,MZ,-23.865,35.3833,71.44,78,48,14.56,scattered clouds
624,Key West,US,24.5557,-81.7826,87.01,80,34,17.07,scattered clouds
625,Dicabisagan,PH,17.0818,122.4157,77.61,88,100,2.59,overcast clouds
626,Lebanon,US,36.2081,-86.2911,85.1,75,40,8.05,scattered clouds
627,Pavlovskiy Posad,RU,55.7847,38.6506,75.61,69,0,4.16,clear sky
628,Paso De Carrasco,UY,-34.8603,-56.0522,53.74,82,75,10.36,broken clouds
629,Ures,MX,29.4333,-110.4,96.39,36,18,14.81,few clouds
630,Reconquista,AR,-29.15,-59.65,71.67,57,100,4.27,moderate rain
631,Prainha,BR,-1.8,-53.48,81.9,75,69,1.12,broken clouds
632,Muros,ES,42.7762,-9.0603,65.08,77,45,8.16,scattered clouds
633,Udachnyy,RU,66.4167,112.4,52.18,87,98,13.18,overcast clouds
634,Lasa,IT,46.6166,10.7002,57.94,97,94,4.34,moderate rain
635,Machiques,VE,10.0644,-72.545,96.76,33,42,4.27,scattered clouds
636,Waipawa,NZ,-41.4122,175.5153,41.94,86,3,4.94,clear sky
637,Mumford,GH,5.2618,-0.759,77.23,84,100,13.35,overcast clouds
638,Kathu,TH,7.9178,98.3332,84.69,80,99,4.65,moderate rain
639,Matagami,CA,49.7502,-77.6328,80.71,47,75,11.5,broken clouds
640,Khandagayty,RU,50.7333,92.05,58.62,61,10,4.63,clear sky
641,Inirida,CO,3.8653,-67.9239,79.07,93,46,3.29,scattered clouds
642,Sault Sainte Marie,CA,46.5168,-84.3333,71.89,82,90,4.61,overcast clouds
643,Ugoofaaru,MV,5.6667,73.0,82.11,81,86,13.06,overcast clouds
644,Januaria,BR,-15.4833,-44.3667,74.64,33,0,3.31,clear sky
645,Chapada Dos Guimaraes,BR,-15.4606,-55.7497,85.66,24,0,1.23,clear sky
646,Aleppo,SY,36.25,37.5,79.5,56,0,14.85,clear sky
647,Hualmay,PE,-11.0964,-77.6139,66.92,76,76,11.65,broken clouds
648,South Venice,US,27.0531,-82.4243,84.0,84,20,12.66,light rain
649,Srednekolymsk,RU,67.45,153.6833,50.45,65,31,5.73,scattered clouds
650,Strezhevoy,RU,60.7333,77.5889,48.18,95,100,15.03,moderate rain
651,Sobolevo,RU,54.4299,31.8996,75.61,62,100,3.91,overcast clouds
652,Port Hawkesbury,CA,45.6169,-61.3485,76.08,39,1,1.01,clear sky
653,Xochistlahuaca,MX,16.7833,-98.25,89.58,56,61,5.59,broken clouds
654,Porterville,US,36.0652,-119.0168,107.76,10,94,5.23,overcast clouds
655,Port Lincoln,AU,-34.7333,135.8667,55.62,83,53,12.15,broken clouds
656,Asahi,JP,35.7167,140.65,74.19,87,89,10.27,overcast clouds
657,Yzeure,FR,46.5644,3.355,60.78,99,65,3.18,broken clouds
658,Mozarlandia,BR,-14.7447,-50.5706,83.53,23,0,5.57,clear sky
659,Shirgaon,IN,19.7,72.7,79.92,87,100,9.51,overcast clouds
660,Kortkeros,RU,61.8106,51.5806,55.4,50,57,3.62,broken clouds
661,Manavalakurichi,IN,8.1333,77.3,80.69,83,88,15.23,overcast clouds
662,Ames,US,42.0347,-93.6199,86.05,62,1,5.01,clear sky
663,Santiago Del Estero,AR,-27.7951,-64.2615,66.81,48,51,12.88,broken clouds
664,Lovozero,RU,68.005,35.0117,58.14,79,66,6.53,broken clouds
665,Biggar,GB,55.6167,-3.5167,61.02,95,44,2.64,scattered clouds
666,San Matias,BO,-16.3667,-58.4,92.52,20,15,3.56,few clouds
667,Weatherford,US,32.7593,-97.7972,95.05,45,30,13.42,scattered clouds
668,Ambilobe,MG,-13.2,49.05,65.59,77,4,4.18,clear sky
669,Neiafu,TO,-18.65,-173.9833,77.68,88,75,5.75,broken clouds
670,Port Hardy,CA,50.6996,-127.4199,62.78,72,40,9.22,scattered clouds
671,Kez,RU,57.8979,53.7152,50.65,71,2,4.52,clear sky
672,Babugarh,IN,28.7167,77.85,80.83,75,93,4.7,overcast clouds
673,Cody,US,44.5263,-109.0565,78.62,71,70,14.27,broken clouds
674,Navalmoral De La Mata,ES,39.8916,-5.5406,72.03,27,44,4.27,scattered clouds
675,Belmonte,BR,-15.8631,-38.8828,73.9,82,0,7.11,clear sky
676,Aksu,CN,41.1231,80.2644,71.87,44,67,3.49,broken clouds
677,Paragominas,BR,-2.9667,-47.4833,78.98,75,45,2.82,scattered clouds
678,Hofn,IS,64.2539,-15.2082,53.38,80,100,17.25,overcast clouds
679,Teguldet,RU,57.3064,88.1667,58.5,95,47,3.67,scattered clouds
680,Oxbow,CA,49.2333,-102.1676,81.64,40,1,5.68,clear sky
681,Shumskiy,RU,54.8318,99.1328,59.99,78,100,1.74,overcast clouds
682,Tezu,IN,27.9167,96.1667,75.6,98,100,2.68,light rain
683,Yajalon,MX,17.2333,-92.3333,77.25,84,94,4.41,overcast clouds
684,Nouakchott,MR,18.0858,-15.9785,78.73,84,35,17.4,scattered clouds
685,Rabapatona,HU,47.6322,17.48,80.82,56,21,7.81,few clouds
686,Talcahuano,CL,-36.7167,-73.1167,51.48,71,0,8.05,clear sky
687,Sunrise Manor,US,36.2111,-115.0731,107.19,27,20,6.15,few clouds
688,Grand Forks,US,47.9417,-97.4337,83.79,25,0,8.32,clear sky
689,Chibuto,MZ,-24.6867,33.5306,66.79,67,16,15.77,few clouds
690,Kanniyakumari,IN,8.0833,77.5667,79.47,81,44,17.98,scattered clouds
691,Biu,NG,10.6129,12.1946,72.61,77,85,5.86,overcast clouds
692,Batemans Bay,AU,-35.7167,150.1833,44.91,63,100,8.97,overcast clouds
693,Aripuana,BR,-9.1667,-60.6333,91.13,32,0,1.59,clear sky
694,Sinazongwe,ZM,-17.2614,27.4618,69.78,45,59,3.11,broken clouds
695,Onguday,RU,50.75,86.15,53.17,80,92,3.36,overcast clouds
696,Paita,PE,-5.0892,-81.1144,75.76,75,3,20.33,clear sky
697,Key Largo,US,25.0865,-80.4473,79.99,74,100,15.41,overcast clouds
698,Las Choapas,MX,17.9333,-94.0833,89.11,59,79,12.5,broken clouds
699,Clyde,US,41.3042,-82.9752,82.67,67,97,15.14,overcast clouds
700,Dhidhdhoo,MV,6.8833,73.1,82.04,81,100,14.94,overcast clouds
701,Whitehorse,CA,60.7161,-135.0538,67.01,36,40,8.99,scattered clouds
702,Tarnogskiy Gorodok,RU,60.4997,43.5761,65.44,83,93,1.23,overcast clouds
703,Yarkovo,RU,57.4028,67.0786,49.59,64,84,12.64,broken clouds
704,Havoysund,NO,70.9963,24.6622,52.68,94,98,20.04,overcast clouds
705,Letenye,HU,46.433,16.7258,78.46,53,100,3.71,overcast clouds
706,Lubumbashi,CD,-11.6609,27.4794,60.03,49,2,1.48,clear sky
707,Manzil Salim,TN,35.8567,8.4765,77.0,72,76,11.12,broken clouds
708,Qaqortoq,GL,60.7167,-46.0333,46.83,79,50,3.0,scattered clouds
709,Khasan,RU,42.4308,130.6434,70.0,98,96,6.02,overcast clouds
710,Burla,IN,21.5,83.8667,78.39,86,76,6.11,broken clouds
